Workbook

Sheet Duration
A1: Dataset | B1: Hadoop | C1: Spark
A2: Email-EuAll | B2: 56 | C2: 4 | E2: 56 | F2: 4
A3: cit-Patents | B3: 115 | C3: 16 | E3: 106 | F3: 16
A4: soc-LiveJournal1 | B4: 300 | C4: 37 | E4: 267 | F4: 36
A5: soc-pokec-relationships | B5: 161 | C5: 18 | E5: 144 | F5: 18
A11: Dataset | B11: Size | C11: Hadoop Time | D11: Spark Time | E11: Speedup (Hadoop/Spark)
A12: Email-EuAll | B12: 5 MB | C12: 56 | D12: 4 | E12: 14.00x
A13: cit-Patents | B13: 280 MB | C13: 115 | D13: 16 | E13: 7.19x
A14: soc-pokec-relationships | B14: 423 MB | C14: 161 | D14: 18 | E14: 8.94x
A15: soc-LiveJournal1 | B15: 1.08 GB | C15: 300 | D15: 37 | E15: 8.11x

Sheet hadoop memoery
A1: dataset | B1: timestamp | C1: container | D1: cpu | E1: mem | F1: mem_pct | G1: net_io | H1: blk_io | I1: pids | J1: Column1 | K1: mem_used_text | L1: mem_used_mib
A2: Email-EuAll | B2: 1767073394 | C2: namenode | D2: 1.7549 | E2: 459.1MiB / 3.828GiB | F2: 0.1171 | G2: 12.1MB / 3.63GB | H2: 788MB / 304MB | I2: 86 | J2: =TRIM(_xlfn.TEXTBEFORE(Table2[[#This Row],[mem]],"/")) -> 459.1MiB | K2: =TRIM(_xlfn.TEXTBEFORE(E2,"/")) -> 459.1MiB | L2: =_xlfn.LET(_xlpm.x,K2,_xlpm.v,VALUE(LEFT(_xlpm.x,LEN(_xlpm.x)-3)),_xlpm.u,RIGHT(_xlpm.x,3),IF(_xlpm.u="GiB",_xlpm.v*1024,_xlpm.v)) -> 459.1
A3: Email-EuAll | B3: 1767073394 | C3: datanode | D3: 0.0011 | E3: 349.6MiB / 3.828GiB | F3: 0.0892 | G3: 3.83GB / 3.85GB | H3: 3.82GB / 4.33GB | I3: 65 | J3: =TRIM(_xlfn.TEXTBEFORE(Table2[[#This Row],[mem]],"/")) -> 349.6MiB | K3: =TRIM(_xlfn.TEXTBEFORE(E3,"/")) -> 349.6MiB | L3: =_xlfn.LET(_xlpm.x,K3,_xlpm.v,VALUE(LEFT(_xlpm.x,LEN(_xlpm.x)-3)),_xlpm.u,RIGHT(_xlpm.x,3),IF(_xlpm.u="GiB",_xlpm.v*1024,_xlpm.v)) -> 349.6
A4: Email-EuAll | B4: 1767073394 | C4: resourcemanager | D4: 0.0056 | E4: 446.2MiB / 3.828GiB | F4: 0.1138 | G4: 1.31MB / 641kB | H4: 217MB / 409MB | I4: 259 | J4: =TRIM(_xlfn.TEXTBEFORE(Table2[[#This Row],[mem]],"/")) -> 446.2MiB | K4: =TRIM(_xlfn.TEXTBEFORE(E4,"/")) -> 446.2MiB | L4: =_xlfn.LET(_xlpm.x,K4,_xlpm.v,VALUE(LEFT(_xlpm.x,LEN(_xlpm.x)-3)),_xlpm.u,RIGHT(_xlpm.x,3),IF(_xlpm.u="GiB",_xlpm.v*1024,_xlpm.v)) -> 446.2
A5: Email-EuAll | B5: 1767073394 | C5: nodemanager | D5: 0.0053 | E5: 621.5MiB / 3.828GiB | F5: 0.1586 | G5: 3.84GB / 211MB | H5: 2.75GB / 6.48GB | I5: 115 | J5: =TRIM(_xlfn.TEXTBEFORE(Table2[[#This Row],[mem]],"/")) -> 621.5MiB | K5: =TRIM(_xlfn.TEXTBEFORE(E5,"/")) -> 621.5MiB | L5: =_xlfn.LET(_xlpm.x,K5,_xlpm.v,VALUE(LEFT(_xlpm.x,LEN(_xlpm.x)-3)),_xlpm.u,RIGHT(_xlpm.x,3),IF(_xlpm.u="GiB",_xlpm.v*1024,_xlpm.v)) -> 621.5
A6: Email-EuAll | B6: 1767073401 | C6: namenode | D6: 0.0256 | E6: 663.1MiB / 3.828GiB | F6: 0.1692 | G6: 12.1MB / 3.63GB | H6: 793MB / 304MB | I6: 97 | J6: =TRIM(_xlfn.TEXTBEFORE(Table2[[#This Row],[mem]],"/")) -> 663.1MiB | K6: =TRIM(_xlfn.TEXTBEFORE(E6,"/")) -> 663.1MiB | L6: =_xlfn.LET(_xlpm.x,K6,_xlpm.v,VALUE(LEFT(_xlpm.x,LEN(_xlpm.x)-3)),_xlpm.u,RIGHT(_xlpm.x,3),IF(_xlpm.u="GiB",_xlpm.v*1024,_xlpm.v)) -> 663.1
A7: Email-EuAll | B7: 1767073401 | C7: datanode | D7: 0.004 | E7: 351.9MiB / 3.828GiB | F7: 0.0898 | G7: 3.84GB / 3.85GB | H7: 3.82GB / 4.33GB | I7: 66 | J7: =TRIM(_xlfn.TEXTBEFORE(Table2[[#This Row],[mem]],"/")) -> 351.9MiB | K7: =TRIM(_xlfn.TEXTBEFORE(E7,"/")) -> 351.9MiB | L7: =_xlfn.LET(_xlpm.x,K7,_xlpm.v,VALUE(LEFT(_xlpm.x,LEN(_xlpm.x)-3)),_xlpm.u,RIGHT(_xlpm.x,3),IF(_xlpm.u="GiB",_xlpm.v*1024,_xlpm.v)) -> 351.9
A8: Email-EuAll | B8: 1767073401 | C8: resourcemanager | D8: 0.0117 | E8: 449.1MiB / 3.828GiB | F8: 0.1146 | G8: 1.32MB / 651kB | H8: 220MB / 409MB | I8: 262 | J8: =TRIM(_xlfn.TEXTBEFORE(Table2[[#This Row],[mem]],"/")) -> 449.1MiB | K8: =TRIM(_xlfn.TEXTBEFORE(E8,"/")) -> 449.1MiB | L8: =_xlfn.LET(_xlpm.x,K8,_xlpm.v,VALUE(LEFT(_xlpm.x,LEN(_xlpm.x)-3)),_xlpm.u,RIGHT(_xlpm.x,3),IF(_xlpm.u="GiB",_xlpm.v*1024,_xlpm.v)) -> 449.1
A9: Email-EuAll | B9: 1767073401 | C9: nodemanager | D9: 1.8383 | E9: 732.4MiB / 3.828GiB | F9: 0.1869 | G9: 3.84GB / 211MB | H9: 2.75GB / 6.48GB | I9: 151 | J9: =TRIM(_xlfn.TEXTBEFORE(Table2[[#This Row],[mem]],"/")) -> 732.4MiB | K9: =TRIM(_xlfn.TEXTBEFORE(E9,"/")) -> 732.4MiB | L9: =_xlfn.LET(_xlpm.x,K9,_xlpm.v,VALUE(LEFT(_xlpm.x,LEN(_xlpm.x)-3)),_xlpm.u,RIGHT(_xlpm.x,3),IF(_xlpm.u="GiB",_xlpm.v*1024,_xlpm.v)) -> 732.4
A10: Email-EuAll | B10: 1767073409 | C10: namenode | D10: 0.025 | E10: 667.1MiB / 3.828GiB | F10: 0.1702 | G10: 12.1MB / 3.63GB | H10: 793MB / 304MB | I10: 96 | J10: =TRIM(_xlfn.TEXTBEFORE(Table2[[#This Row],[mem]],"/")) -> 667.1MiB | K10: =TRIM(_xlfn.TEXTBEFORE(E10,"/")) -> 667.1MiB | L10: =_xlfn.LET(_xlpm.x,K10,_xlpm.v,VALUE(LEFT(_xlpm.x,LEN(_xlpm.x)-3)),_xlpm.u,RIGHT(_xlpm.x,3),IF(_xlpm.u="GiB",_xlpm.v*1024,_xlpm.v)) -> 667.1
A11: Email-EuAll | B11: 1767073409 | C11: datanode | D11: 0.0024 | E11: 352.8MiB / 3.828GiB | F11: 0.09 | G11: 3.84GB / 3.85GB | H11: 3.82GB / 4.34GB | I11: 65 | J11: =TRIM(_xlfn.TEXTBEFORE(Table2[[#This Row],[mem]],"/")) -> 352.8MiB | K11: =TRIM(_xlfn.TEXTBEFORE(E11,"/")) -> 352.8MiB | L11: =_xlfn.LET(_xlpm.x,K11,_xlpm.v,VALUE(LEFT(_xlpm.x,LEN(_xlpm.x)-3)),_xlpm.u,RIGHT(_xlpm.x,3),IF(_xlpm.u="GiB",_xlpm.v*1024,_xlpm.v)) -> 352.8
A12: Email-EuAll | B12: 1767073409 | C12: resourcemanager | D12: 0.0117 | E12: 450.5MiB / 3.828GiB | F12: 0.1149 | G12: 1.33MB / 660kB | H12: 222MB / 409MB | I12: 260 | J12: =TRIM(_xlfn.TEXTBEFORE(Table2[[#This Row],[mem]],"/")) -> 450.5MiB | K12: =TRIM(_xlfn.TEXTBEFORE(E12,"/")) -> 450.5MiB | L12: =_xlfn.LET(_xlpm.x,K12,_xlpm.v,VALUE(LEFT(_xlpm.x,LEN(_xlpm.x)-3)),_xlpm.u,RIGHT(_xlpm.x,3),IF(_xlpm.u="GiB",_xlpm.v*1024,_xlpm.v)) -> 450.5
A13: Email-EuAll | B13: 1767073409 | C13: nodemanager | D13: 1.3584 | E13: 1.079GiB / 3.828GiB | F13: 0.2819 | G13: 3.84GB / 211MB | H13: 2.75GB / 6.48GB | I13: 247 | J13: =TRIM(_xlfn.TEXTBEFORE(Table2[[#This Row],[mem]],"/")) -> 1.079GiB | K13: =TRIM(_xlfn.TEXTBEFORE(E13,"/")) -> 1.079GiB | L13: =_xlfn.LET(_xlpm.x,K13,_xlpm.v,VALUE(LEFT(_xlpm.x,LEN(_xlpm.x)-3)),_xlpm.u,RIGHT(_xlpm.x,3),IF(_xlpm.u="GiB",_xlpm.v*1024,_xlpm.v)) -> 1104.896
... A349: soc-pokec-relationships | B349: 1767074076 | C349: nodemanager | D349: 0.3477 | E349: 1006MiB / 3.828GiB | F349: 0.2567 | G349: 5.77GB / 319MB | H349: 6.14GB / 11.5GB | I349: 173 | J349: =TRIM(_xlfn.TEXTBEFORE(Table2[[#This Row],[mem]],"/")) -> 1006MiB | K349: =TRIM(_xlfn.TEXTBEFORE(E349,"/")) -> 1006MiB | L349: =_xlfn.LET(_xlpm.x,K349,_xlpm.v,VALUE(LEFT(_xlpm.x,LEN(_xlpm.x)-3)),_xlpm.u,RIGHT(_xlpm.x,3),IF(_xlpm.u="GiB",_xlpm.v*1024,_xlpm.v)) -> 1006

Sheet Spark
A1: dataset | B1: timestamp | C1: container | D1: cpu | E1: mem | F1: mem_pct | G1: net_io | H1: blk_io | I1: pids | J1: mem_used_text | K1: mem_used_mib
A2: Email-EuAll | B2: 1767075374 | C2: spark-master | D2: 2.1897 | E2: 399.8MiB / 3.828GiB | F2: 0.102 | G2: 7.46kB / 2.2kB | H2: 65.1MB / 98.3kB | I2: 76 | J2: =TRIM(_xlfn.TEXTBEFORE(E2,"/")) -> 399.8MiB | K2: =_xlfn.LET(_xlpm.x,J2,_xlpm.v,VALUE(LEFT(_xlpm.x,LEN(_xlpm.x)-3)),_xlpm.u,RIGHT(_xlpm.x,3),IF(_xlpm.u="GiB",_xlpm.v*1024,IF(_xlpm.u="MiB",_xlpm.v,IF(_xlpm.u="KiB",_xlpm.v/1024,NA())))) -> 399.8
A3: Email-EuAll | B3: 1767075374 | C3: spark-worker | D3: 1.1806 | E3: 291.1MiB / 3.828GiB | F3: 0.0743 | G3: 8.36kB / 7.02kB | H3: 28.8MB / 65.5kB | I3: 74 | J3: =TRIM(_xlfn.TEXTBEFORE(E3,"/")) -> 291.1MiB | K3: =_xlfn.LET(_xlpm.x,J3,_xlpm.v,VALUE(LEFT(_xlpm.x,LEN(_xlpm.x)-3)),_xlpm.u,RIGHT(_xlpm.x,3),IF(_xlpm.u="GiB",_xlpm.v*1024,IF(_xlpm.u="MiB",_xlpm.v,IF(_xlpm.u="KiB",_xlpm.v/1024,NA())))) -> 291.1
A4: cit-Patents | B4: 1767075378 | C4: spark-master | D4: 2.4234 | E4: 483.4MiB / 3.828GiB | F4: 0.1233 | G4: 119kB / 282kB | H4: 67.7MB / 950kB | I4: 125 | J4: =TRIM(_xlfn.TEXTBEFORE(E4,"/")) -> 483.4MiB | K4: =_xlfn.LET(_xlpm.x,J4,_xlpm.v,VALUE(LEFT(_xlpm.x,LEN(_xlpm.x)-3)),_xlpm.u,RIGHT(_xlpm.x,3),IF(_xlpm.u="GiB",_xlpm.v*1024,IF(_xlpm.u="MiB",_xlpm.v,IF(_xlpm.u="KiB",_xlpm.v/1024,NA())))) -> 483.4
A5: cit-Patents | B5: 1767075378 | C5: spark-worker | D5: 0.0005 | E5: 197.2MiB / 3.828GiB | F5: 0.0503 | G5: 279kB / 116kB | H5: 29.1MB / 893kB | I5: 52 | J5: =TRIM(_xlfn.TEXTBEFORE(E5,"/")) -> 197.2MiB | K5: =_xlfn.LET(_xlpm.x,J5,_xlpm.v,VALUE(LEFT(_xlpm.x,LEN(_xlpm.x)-3)),_xlpm.u,RIGHT(_xlpm.x,3),IF(_xlpm.u="GiB",_xlpm.v*1024,IF(_xlpm.u="MiB",_xlpm.v,IF(_xlpm.u="KiB",_xlpm.v/1024,NA())))) -> 197.2
A6: cit-Patents | B6: 1767075386 | C6: spark-master | D6: 0.0076 | E6: 494MiB / 3.828GiB | F6: 0.126 | G6: 140kB / 424kB | H6: 67.7MB / 950kB | I6: 127 | J6: =TRIM(_xlfn.TEXTBEFORE(E6,"/")) -> 494MiB | K6: =_xlfn.LET(_xlpm.x,J6,_xlpm.v,VALUE(LEFT(_xlpm.x,LEN(_xlpm.x)-3)),_xlpm.u,RIGHT(_xlpm.x,3),IF(_xlpm.u="GiB",_xlpm.v*1024,IF(_xlpm.u="MiB",_xlpm.v,IF(_xlpm.u="KiB",_xlpm.v/1024,NA())))) -> 494
A7: cit-Patents | B7: 1767075386 | C7: spark-worker | D7: 7.7034 | E7: 1.394GiB / 3.828GiB | F7: 0.3643 | G7: 426kB / 139kB | H7: 29.1MB / 897kB | I7: 116 | J7: =TRIM(_xlfn.TEXTBEFORE(E7,"/")) -> 1.394GiB | K7: =_xlfn.LET(_xlpm.x,J7,_xlpm.v,VALUE(LEFT(_xlpm.x,LEN(_xlpm.x)-3)),_xlpm.u,RIGHT(_xlpm.x,3),IF(_xlpm.u="GiB",_xlpm.v*1024,IF(_xlpm.u="MiB",_xlpm.v,IF(_xlpm.u="KiB",_xlpm.v/1024,NA())))) -> 1427.456
A8: cit-Patents | B8: 1767075393 | C8: spark-master | D8: 1.1226 | E8: 282.4MiB / 3.828GiB | F8: 0.072 | G8: 262kB / 628kB | H8: 67.7MB / 1.9MB | I8: 68 | J8: =TRIM(_xlfn.TEXTBEFORE(E8,"/")) -> 282.4MiB | K8: =_xlfn.LET(_xlpm.x,J8,_xlpm.v,VALUE(LEFT(_xlpm.x,LEN(_xlpm.x)-3)),_xlpm.u,RIGHT(_xlpm.x,3),IF(_xlpm.u="GiB",_xlpm.v*1024,IF(_xlpm.u="MiB",_xlpm.v,IF(_xlpm.u="KiB",_xlpm.v/1024,NA())))) -> 282.4
A9: cit-Patents | B9: 1767075393 | C9: spark-worker | D9: 0.0005 | E9: 199.8MiB / 3.828GiB | F9: 0.051 | G9: 630kB / 260kB | H9: 29.2MB / 60.6MB | I9: 53 | J9: =TRIM(_xlfn.TEXTBEFORE(E9,"/")) -> 199.8MiB | K9: =_xlfn.LET(_xlpm.x,J9,_xlpm.v,VALUE(LEFT(_xlpm.x,LEN(_xlpm.x)-3)),_xlpm.u,RIGHT(_xlpm.x,3),IF(_xlpm.u="GiB",_xlpm.v*1024,IF(_xlpm.u="MiB",_xlpm.v,IF(_xlpm.u="KiB",_xlpm.v/1024,NA())))) -> 199.8
A10: soc-LiveJournal1 | B10: 1767075394 | C10: spark-master | D10: 2.3648 | E10: 424.2MiB / 3.828GiB | F10: 0.1082 | G10: 262kB / 628kB | H10: 67.7MB / 1.9MB | I10: 112 | J10: =TRIM(_xlfn.TEXTBEFORE(E10,"/")) -> 424.2MiB | K10: =_xlfn.LET(_xlpm.x,J10,_xlpm.v,VALUE(LEFT(_xlpm.x,LEN(_xlpm.x)-3)),_xlpm.u,RIGHT(_xlpm.x,3),IF(_xlpm.u="GiB",_xlpm.v*1024,IF(_xlpm.u="MiB",_xlpm.v,IF(_xlpm.u="KiB",_xlpm.v/1024,NA())))) -> 424.2
A11: soc-LiveJournal1 | B11: 1767075394 | C11: spark-worker | D11: 0.0005 | E11: 199.8MiB / 3.828GiB | F11: 0.051 | G11: 630kB / 260kB | H11: 29.2MB / 60.6MB | I11: 53 | J11: =TRIM(_xlfn.TEXTBEFORE(E11,"/")) -> 199.8MiB | K11: =_xlfn.LET(_xlpm.x,J11,_xlpm.v,VALUE(LEFT(_xlpm.x,LEN(_xlpm.x)-3)),_xlpm.u,RIGHT(_xlpm.x,3),IF(_xlpm.u="GiB",_xlpm.v*1024,IF(_xlpm.u="MiB",_xlpm.v,IF(_xlpm.u="KiB",_xlpm.v/1024,NA())))) -> 199.8
A12: soc-LiveJournal1 | B12: 1767075401 | C12: spark-master | D12: 0.0041 | E12: 488.4MiB / 3.828GiB | F12: 0.1246 | G12: 285kB / 775kB | H12: 67.7MB / 1.9MB | I12: 128 | J12: =TRIM(_xlfn.TEXTBEFORE(E12,"/")) -> 488.4MiB | K12: =_xlfn.LET(_xlpm.x,J12,_xlpm.v,VALUE(LEFT(_xlpm.x,LEN(_xlpm.x)-3)),_xlpm.u,RIGHT(_xlpm.x,3),IF(_xlpm.u="GiB",_xlpm.v*1024,IF(_xlpm.u="MiB",_xlpm.v,IF(_xlpm.u="KiB",_xlpm.v/1024,NA())))) -> 488.4
A13: soc-LiveJournal1 | B13: 1767075401 | C13: spark-worker | D13: 7.8998 | E13: 1.384GiB / 3.828GiB | F13: 0.3616 | G13: 777kB / 283kB | H13: 29.2MB / 60.6MB | I13: 117 | J13: =TRIM(_xlfn.TEXTBEFORE(E13,"/")) -> 1.384GiB | K13: =_xlfn.LET(_xlpm.x,J13,_xlpm.v,VALUE(LEFT(_xlpm.x,LEN(_xlpm.x)-3)),_xlpm.u,RIGHT(_xlpm.x,3),IF(_xlpm.u="GiB",_xlpm.v*1024,IF(_xlpm.u="MiB",_xlpm.v,IF(_xlpm.u="KiB",_xlpm.v/1024,NA())))) -> 1417.216
... A25: soc-pokec-relationships | B25: 1767075445 | C25: spark-worker | D25: 3.8322 | E25: 1.38GiB / 3.828GiB | F25: 0.3605 | G25: 1.48MB / 587kB | H25: 29.2MB / 207MB | I25: 117 | J25: =TRIM(_xlfn.TEXTBEFORE(E25,"/")) -> 1.38GiB | K25: =_xlfn.LET(_xlpm.x,J25,_xlpm.v,VALUE(LEFT(_xlpm.x,LEN(_xlpm.x)-3)),_xlpm.u,RIGHT(_xlpm.x,3),IF(_xlpm.u="GiB",_xlpm.v*1024,IF(_xlpm.u="MiB",_xlpm.v,IF(_xlpm.u="KiB",_xlpm.v/1024,NA())))) -> 1413.12

Sheet mem_peak
A1: Dataset | B1: namenode | C1: datanode | D1: resourcemanager | E1: nodemanager
A2: Email-EuAll | B2: =_xlfn.MAXIFS('hadoop memoery'!$L:$L,'hadoop memoery'!$A:$A,$A2,'hadoop memoery'!$C:$C,B$1) -> 698.1 | C2: =_xlfn.MAXIFS('hadoop memoery'!$L:$L,'hadoop memoery'!$A:$A,$A2,'hadoop memoery'!$C:$C,C$1) -> 364.3 | D2: =_xlfn.MAXIFS('hadoop memoery'!$L:$L,'hadoop memoery'!$A:$A,$A2,'hadoop memoery'!$C:$C,D$1) -> 455.9 | E2: =_xlfn.MAXIFS('hadoop memoery'!$L:$L,'hadoop memoery'!$A:$A,$A2,'hadoop memoery'!$C:$C,E$1) -> 1158.144
A3: cit-Patents | B3: =_xlfn.MAXIFS('hadoop memoery'!$L:$L,'hadoop memoery'!$A:$A,$A3,'hadoop memoery'!$C:$C,B$1) -> 718.9 | C3: =_xlfn.MAXIFS('hadoop memoery'!$L:$L,'hadoop memoery'!$A:$A,$A3,'hadoop memoery'!$C:$C,C$1) -> 383.8 | D3: =_xlfn.MAXIFS('hadoop memoery'!$L:$L,'hadoop memoery'!$A:$A,$A3,'hadoop memoery'!$C:$C,D$1) -> 464.9 | E3: =_xlfn.MAXIFS('hadoop memoery'!$L:$L,'hadoop memoery'!$A:$A,$A3,'hadoop memoery'!$C:$C,E$1) -> 1458.176
A4: soc-LiveJournal1 | B4: =_xlfn.MAXIFS('hadoop memoery'!$L:$L,'hadoop memoery'!$A:$A,$A4,'hadoop memoery'!$C:$C,B$1) -> 715.4 | C4: =_xlfn.MAXIFS('hadoop memoery'!$L:$L,'hadoop memoery'!$A:$A,$A4,'hadoop memoery'!$C:$C,C$1) -> 348.5 | D4: =_xlfn.MAXIFS('hadoop memoery'!$L:$L,'hadoop memoery'!$A:$A,$A4,'hadoop memoery'!$C:$C,D$1) -> 470.2 | E4: =_xlfn.MAXIFS('hadoop memoery'!$L:$L,'hadoop memoery'!$A:$A,$A4,'hadoop memoery'!$C:$C,E$1) -> 1445.888
A5: soc-pokec-relationships | B5: =_xlfn.MAXIFS('hadoop memoery'!$L:$L,'hadoop memoery'!$A:$A,$A5,'hadoop memoery'!$C:$C,B$1) -> 717.9 | C5: =_xlfn.MAXIFS('hadoop memoery'!$L:$L,'hadoop memoery'!$A:$A,$A5,'hadoop memoery'!$C:$C,C$1) -> 371.1 | D5: =_xlfn.MAXIFS('hadoop memoery'!$L:$L,'hadoop memoery'!$A:$A,$A5,'hadoop memoery'!$C:$C,D$1) -> 516.2 | E5: =_xlfn.MAXIFS('hadoop memoery'!$L:$L,'hadoop memoery'!$A:$A,$A5,'hadoop memoery'!$C:$C,E$1) -> 1395.712

Sheet mem_peak_comparison
B3: Dataset | C3: namenode | D3: datanode | E3: resourcemanager | F3: nodemanager
B4: Email-EuAll | C4: 698.1 | D4: 364.3 | E4: 455.9 | F4: 1158.144
B5: cit-Patents | C5: 718.9 | D5: 383.8 | E5: 464.9 | F5: 1458.176
B6: soc-LiveJournal1 | C6: 715.4 | D6: 348.5 | E6: 470.2 | F6: 1445.888
B7: soc-pokec-relationships | C7: 717.9 | D7: 371.1 | E7: 516.2 | F7: 1395.712
B11: Dataset | C11: spark-master | D11: spark-worker
B12: Email-EuAll | C12: 399.8 | D12: 291.1
B13: cit-Patents | C13: 494 | D13: 1427.456
B14: soc-LiveJournal1 | C14: 494.7 | D14: 1462.272
B15: soc-pokec-relationships | C15: 489.7 | D15: 1416.192

Sheet spark_mem_peak
A1: Dataset | B1: Container | C1: mem_used_mib
A2: Email-EuAll | B2: spark-master | C2: 399.8
A3: Email-EuAll | B3: spark-worker | C3: 291.1
A4: cit-Patents | B4: spark-master | C4: 483.4
A5: cit-Patents | B5: spark-worker | C5: 197.2
A6: cit-Patents | B6: spark-master | C6: 494
A7: cit-Patents | B7: spark-worker | C7: 1427.456
A8: cit-Patents | B8: spark-master | C8: 282.4
A9: cit-Patents | B9: spark-worker | C9: 199.8
A10: soc-LiveJournal1 | B10: spark-master | C10: 424.2
A11: soc-LiveJournal1 | B11: spark-worker | C11: 199.8
A12: soc-LiveJournal1 | B12: spark-master | C12: 488.4
A13: soc-LiveJournal1 | B13: spark-worker | C13: 1417.216
... A25: soc-pokec-relationships | B25: spark-worker | C25: 1413.12

Sheet spark_peak_table
A1: Dataset | B1: spark-master | C1: spark-worker
A2: Email-EuAll | B2: 399.8 | C2: 291.1
A3: cit-Patents | B3: 494 | C3: 1427.456
A4: soc-LiveJournal1 | B4: 494.7 | C4: 1462.272
A5: soc-pokec-relationships | B5: 489.7 | C5: 1416.192
